threshold,bits
0.9948398470878601,11111111111111111111110111
0.9922329783439636,11111111111111011111111111
0.9884330332279205,11111111111111111111111101
0.9878671765327454,11111111111111111101111111
