threshold,bits
0.04312035068869591,11111111111111110111111111
0.034786948934197426,11111111111111111100001111
