threshold,bits
0.6494708955287933,10111111111111111111111111
0.10366439819335938,11111111111111001111111111
0.09032635018229485,11111000011111111111111111
