threshold,bits
0.11719824746251106,11111111111100000011111111
0.0009348499588668346,11111111111100111111111111
