threshold,bits
0.3971973955631256,11111111111111111111011111
0.0037036999128758907,00000111111111111111111111
