node_id,threshold
0,975.5
1,0.0037036999128758907
2,0.5864661931991577
3,5.5
4,0.6494708955287933
5,0.30657748878002167
6,0.09032635018229485
7,17.5
8,0.75
9,265.0
10,7.5
11,129.5
12,0.11719824746251106
13,0.0009348499588668346
14,0.13206609711050987
15,0.10366439819335938
16,0.9922329783439636
17,0.04312035068869591
18,0.034786948934197426
19,0.04573735035955906
20,0.9878671765327454
21,0.3971973955631256
22,0.050157250836491585
23,0.9948398470878601
24,0.9884330332279205
