id,value
0,0.0
1,10.739794282310271
2,4.807902740042174
3,0.0
4,0.0
5,9.615805480084347
6,0.0
7,10.782214527176023
8,11.555379395538008
9,0.0
10,9.702040898079304
11,10.107951842902253
12,0.0
13,9.69898173460629
14,11.97611612239814
15,11.464601739416082
16,10.77504465526286
17,11.270980350389806
18,11.412261903102406
19,10.661230075692975
20,10.20057760071779
21,11.120350053529222
22,11.331324356086535
23,10.827999490037426
24,10.953811961294766
25,10.580098670983807
